,Location,TimeFrame,Adoption_number,Foster_entry,code,abortion_ban
0,Alabama,2000,6,409,AL,1.0
1,Alabama,2001,7,407,AL,1.0
2,Alabama,2002,3,462,AL,1.0
3,Alabama,2003,5,429,AL,1.0
4,Alabama,2004,8,514,AL,1.0
5,Alabama,2005,1,584,AL,1.0
6,Alabama,2006,9,612,AL,1.0
7,Alabama,2007,7,731,AL,1.0
8,Alabama,2008,9,656,AL,1.0
9,Alabama,2013,8,517,AL,1.0
10,Alabama,2018,11,768,AL,1.0
11,Alabama,2009,8,552,AL,1.0
12,Alabama,2010,8,565,AL,1.0
13,Alabama,2015,11,582,AL,1.0
14,Alabama,2020,21,725,AL,1.0
15,Alabama,2011,8,555,AL,1.0
16,Alabama,2012,12,520,AL,1.0
17,Alabama,2014,13,541,AL,1.0
18,Alabama,2016,10,653,AL,1.0
19,Alabama,2017,15,787,AL,1.0
20,Alabama,2019,11,739,AL,1.0
21,Alaska,2000,9,159,AK,5.0
22,Alaska,2001,1,140,AK,5.0
23,Alaska,2002,1,163,AK,5.0
24,Alaska,2003,6,134,AK,5.0
25,Alaska,2004,4,119,AK,5.0
26,Alaska,2005,1,154,AK,5.0
27,Alaska,2006,2,177,AK,5.0
28,Alaska,2007,3,163,AK,5.0
29,Alaska,2008,3,190,AK,5.0
30,Alaska,2013,4,194,AK,5.0
31,Alaska,2018,1,255,AK,5.0
32,Alaska,2009,3,179,AK,5.0
33,Alaska,2010,7,167,AK,5.0
34,Alaska,2015,5,274,AK,5.0
35,Alaska,2020,2,245,AK,5.0
36,Alaska,2011,3,173,AK,5.0
37,Alaska,2012,2,169,AK,5.0
38,Alaska,2014,5,195,AK,5.0
39,Alaska,2016,1,254,AK,5.0
40,Alaska,2017,1,246,AK,5.0
41,Alaska,2019,2,252,AK,5.0
42,Arizona,2000,6,651,AZ,1.0
43,Arizona,2001,8,585,AZ,1.0
44,Arizona,2002,18,666,AZ,1.0
45,Arizona,2003,22,1042,AZ,1.0
46,Arizona,2004,8,1216,AZ,1.0
47,Arizona,2005,4,1275,AZ,1.0
48,Arizona,2006,19,1342,AZ,1.0
49,Arizona,2007,29,1354,AZ,1.0
50,Arizona,2008,21,1370,AZ,1.0
51,Arizona,2013,66,1918,AZ,1.0
52,Arizona,2018,109,1731,AZ,1.0
53,Arizona,2009,18,1292,AZ,1.0
54,Arizona,2010,26,1341,AZ,1.0
55,Arizona,2015,61,2341,AZ,1.0
56,Arizona,2020,80,1977,AZ,1.0
57,Arizona,2011,36,1416,AZ,1.0
58,Arizona,2012,47,1837,AZ,1.0
59,Arizona,2014,67,2143,AZ,1.0
60,Arizona,2016,54,2214,AZ,1.0
61,Arizona,2017,108,1939,AZ,1.0
62,Arizona,2019,105,1866,AZ,1.0
63,Arkansas,2000,11,344,AR,1.0
64,Arkansas,2001,6,319,AR,1.0
65,Arkansas,2002,9,357,AR,1.0
66,Arkansas,2003,11,421,AR,1.0
67,Arkansas,2004,7,392,AR,1.0
68,Arkansas,2005,6,463,AR,1.0
69,Arkansas,2006,11,527,AR,1.0
70,Arkansas,2007,12,576,AR,1.0
71,Arkansas,2008,12,607,AR,1.0
72,Arkansas,2013,28,655,AR,1.0
73,Arkansas,2018,31,608,AR,1.0
74,Arkansas,2009,21,634,AR,1.0
75,Arkansas,2010,26,672,AR,1.0
76,Arkansas,2015,18,684,AR,1.0
77,Arkansas,2020,26,597,AR,1.0
78,Arkansas,2011,24,590,AR,1.0
79,Arkansas,2012,17,601,AR,1.0
80,Arkansas,2014,32,590,AR,1.0
81,Arkansas,2016,28,778,AR,1.0
82,Arkansas,2017,29,777,AR,1.0
83,Arkansas,2019,29,572,AR,1.0
84,California,2000,225,6374,CA,5.0
85,California,2001,189,6234,CA,5.0
86,California,2002,215,6685,CA,5.0
87,California,2003,128,7044,CA,5.0
88,California,2004,162,6222,CA,5.0
89,California,2005,161,6984,CA,5.0
90,California,2006,152,6921,CA,5.0
91,California,2007,177,7137,CA,5.0
92,California,2008,172,5875,CA,5.0
93,California,2013,182,5878,CA,5.0
94,California,2018,166,5717,CA,5.0
95,California,2009,169,5579,CA,5.0
96,California,2010,187,5366,CA,5.0
97,California,2015,207,6073,CA,5.0
98,California,2020,112,5344,CA,5.0
99,California,2011,170,5384,CA,5.0
100,California,2012,169,5454,CA,5.0
101,California,2014,155,6131,CA,5.0
102,California,2016,204,6244,CA,5.0
103,California,2017,179,5924,CA,5.0
104,California,2019,188,5776,CA,5.0
105,Colorado,2000,21,606,CO,5.0
106,Colorado,2001,25,600,CO,5.0
107,Colorado,2002,19,773,CO,5.0
108,Colorado,2003,31,840,CO,5.0
109,Colorado,2004,32,871,CO,5.0
110,Colorado,2005,30,902,CO,5.0
111,Colorado,2006,31,889,CO,5.0
112,Colorado,2007,33,874,CO,5.0
113,Colorado,2008,34,881,CO,5.0
114,Colorado,2013,13,631,CO,5.0
115,Colorado,2018,24,808,CO,5.0
116,Colorado,2009,40,859,CO,5.0
117,Colorado,2010,35,759,CO,5.0
118,Colorado,2015,7,697,CO,5.0
119,Colorado,2020,7,706,CO,5.0
120,Colorado,2011,28,696,CO,5.0
121,Colorado,2012,17,647,CO,5.0
122,Colorado,2014,16,659,CO,5.0
123,Colorado,2016,14,769,CO,5.0
124,Colorado,2017,20,826,CO,5.0
125,Colorado,2019,17,742,CO,5.0
126,Connecticut,2000,3,373,CT,5.0
127,Connecticut,2001,3,349,CT,5.0
128,Connecticut,2002,3,367,CT,5.0
129,Connecticut,2003,4,430,CT,5.0
130,Connecticut,2004,4,435,CT,5.0
131,Connecticut,2005,72,425,CT,5.0
132,Connecticut,2006,100,555,CT,5.0
133,Connecticut,2007,81,474,CT,5.0
134,Connecticut,2008,77,521,CT,5.0
135,Connecticut,2013,49,323,CT,5.0
136,Connecticut,2018,21,467,CT,5.0
137,Connecticut,2009,70,457,CT,5.0
138,Connecticut,2010,78,464,CT,5.0
139,Connecticut,2015,51,375,CT,5.0
140,Connecticut,2020,30,405,CT,5.0
141,Connecticut,2011,70,449,CT,5.0
142,Connecticut,2012,62,385,CT,5.0
143,Connecticut,2014,48,392,CT,5.0
144,Connecticut,2016,38,480,CT,5.0
145,Connecticut,2017,33,449,CT,5.0
146,Connecticut,2019,53,466,CT,5.0
147,Delaware,2000,1,95,DE,5.0
148,Delaware,2001,2,88,DE,5.0
149,Delaware,2002,1,78,DE,5.0
150,Delaware,2003,1,76,DE,5.0
151,Delaware,2004,2,95,DE,5.0
152,Delaware,2005,4,93,DE,5.0
153,Delaware,2006,1,115,DE,5.0
154,Delaware,2007,5,108,DE,5.0
155,Delaware,2008,1,94,DE,5.0
156,Delaware,2013,3,65,DE,5.0
157,Delaware,2018,4,76,DE,5.0
158,Delaware,2009,1,84,DE,5.0
159,Delaware,2010,2,78,DE,5.0
160,Delaware,2015,1,71,DE,5.0
161,Delaware,2020,5,68,DE,5.0
162,Delaware,2011,3,104,DE,5.0
163,Delaware,2012,3,91,DE,5.0
164,Delaware,2014,1,54,DE,5.0
165,Delaware,2016,4,103,DE,5.0
166,Delaware,2017,4,103,DE,5.0
167,Delaware,2019,4,59,DE,5.0
168,District of Columbia,2000,5,95,DC,5.0
169,District of Columbia,2001,7,104,DC,5.0
170,District of Columbia,2002,1,95,DC,5.0
171,District of Columbia,2003,1,88,DC,5.0
172,District of Columbia,2004,1,85,DC,5.0
173,District of Columbia,2005,1,116,DC,5.0
174,District of Columbia,2006,1,82,DC,5.0
175,District of Columbia,2007,2,83,DC,5.0
176,District of Columbia,2008,1,109,DC,5.0
177,District of Columbia,2013,1,67,DC,5.0
178,District of Columbia,2018,1,44,DC,5.0
179,District of Columbia,2009,1,89,DC,5.0
180,District of Columbia,2010,1,99,DC,5.0
181,District of Columbia,2015,1,59,DC,5.0
182,District of Columbia,2020,1,53,DC,5.0
183,District of Columbia,2011,1,70,DC,5.0
184,District of Columbia,2012,1,58,DC,5.0
185,District of Columbia,2014,1,58,DC,5.0
186,District of Columbia,2016,1,60,DC,5.0
187,District of Columbia,2017,1,55,DC,5.0
188,District of Columbia,2019,1,45,DC,5.0
189,Florida,2000,26,3332,FL,4.0
190,Florida,2001,33,2961,FL,4.0
191,Florida,2002,45,3334,FL,4.0
192,Florida,2003,44,3406,FL,4.0
193,Florida,2004,44,3332,FL,4.0
194,Florida,2005,67,3732,FL,4.0
195,Florida,2006,63,3892,FL,4.0
196,Florida,2007,87,3577,FL,4.0
197,Florida,2008,112,3000,FL,4.0
198,Florida,2013,130,2626,FL,4.0
199,Florida,2018,163,3282,FL,4.0
200,Florida,2009,105,2690,FL,4.0
201,Florida,2010,104,2687,FL,4.0
202,Florida,2015,132,3260,FL,4.0
203,Florida,2020,135,2887,FL,4.0
204,Florida,2011,78,2698,FL,4.0
205,Florida,2012,88,2789,FL,4.0
206,Florida,2014,129,2888,FL,4.0
207,Florida,2016,132,3368,FL,4.0
208,Florida,2017,139,3375,FL,4.0
209,Florida,2019,152,3135,FL,4.0
210,Georgia,2000,12,1270,GA,3.0
211,Georgia,2001,3,1471,GA,3.0
212,Georgia,2002,13,1585,GA,3.0
213,Georgia,2003,14,1689,GA,3.0
214,Georgia,2004,17,1829,GA,3.0
215,Georgia,2005,13,1760,GA,3.0
216,Georgia,2006,22,1660,GA,3.0
217,Georgia,2007,15,1606,GA,3.0
218,Georgia,2008,21,1240,GA,3.0
219,Georgia,2013,21,962,GA,3.0
220,Georgia,2018,10,1474,GA,3.0
221,Georgia,2009,22,1038,GA,3.0
222,Georgia,2010,22,906,GA,3.0
223,Georgia,2015,13,1325,GA,3.0
224,Georgia,2020,15,972,GA,3.0
225,Georgia,2011,31,1021,GA,3.0
226,Georgia,2012,24,1015,GA,3.0
227,Georgia,2014,14,1161,GA,3.0
228,Georgia,2016,18,1448,GA,3.0
229,Georgia,2017,16,1348,GA,3.0
230,Georgia,2019,14,1197,GA,3.0
231,Hawaii,2000,11,306,HI,5.0
232,Hawaii,2001,22,367,HI,5.0
233,Hawaii,2002,17,399,HI,5.0
234,Hawaii,2003,19,369,HI,5.0
235,Hawaii,2004,18,389,HI,5.0
236,Hawaii,2005,23,366,HI,5.0
237,Hawaii,2006,17,294,HI,5.0
238,Hawaii,2007,7,213,HI,5.0
239,Hawaii,2008,6,194,HI,5.0
240,Hawaii,2013,3,180,HI,5.0
241,Hawaii,2018,8,230,HI,5.0
242,Hawaii,2009,5,200,HI,5.0
243,Hawaii,2010,3,149,HI,5.0
244,Hawaii,2015,6,220,HI,5.0
245,Hawaii,2020,3,152,HI,5.0
246,Hawaii,2011,5,153,HI,5.0
247,Hawaii,2012,5,160,HI,5.0
248,Hawaii,2014,4,205,HI,5.0
249,Hawaii,2016,4,222,HI,5.0
250,Hawaii,2017,9,219,HI,5.0
251,Hawaii,2019,1,215,HI,5.0
252,Idaho,2000,11,109,ID,2.0
253,Idaho,2001,3,126,ID,2.0
254,Idaho,2002,3,116,ID,2.0
255,Idaho,2003,5,168,ID,2.0
256,Idaho,2004,2,225,ID,2.0
257,Idaho,2005,4,251,ID,2.0
258,Idaho,2006,10,233,ID,2.0
259,Idaho,2007,7,247,ID,2.0
260,Idaho,2008,6,188,ID,2.0
261,Idaho,2013,2,182,ID,2.0
262,Idaho,2018,2,228,ID,2.0
263,Idaho,2009,6,154,ID,2.0
264,Idaho,2010,4,172,ID,2.0
265,Idaho,2015,2,186,ID,2.0
266,Idaho,2020,3,185,ID,2.0
267,Idaho,2011,6,154,ID,2.0
268,Idaho,2012,7,141,ID,2.0
269,Idaho,2014,8,153,ID,2.0
270,Idaho,2016,1,227,ID,2.0
271,Idaho,2017,7,212,ID,2.0
272,Idaho,2019,4,199,ID,2.0
273,Illinois,2000,30,1467,IL,5.0
274,Illinois,2001,17,1482,IL,5.0
275,Illinois,2002,19,1426,IL,5.0
276,Illinois,2003,13,1324,IL,5.0
277,Illinois,2004,6,1289,IL,5.0
278,Illinois,2005,8,1348,IL,5.0
279,Illinois,2006,6,1202,IL,5.0
280,Illinois,2007,11,1199,IL,5.0
281,Illinois,2008,2,1368,IL,5.0
282,Illinois,2013,2,1242,IL,5.0
283,Illinois,2018,1,1443,IL,5.0
284,Illinois,2009,5,1205,IL,5.0
285,Illinois,2010,1,1286,IL,5.0
286,Illinois,2015,2,1209,IL,5.0
287,Illinois,2020,1,1949,IL,5.0
288,Illinois,2011,1,1156,IL,5.0
289,Illinois,2012,2,1174,IL,5.0
290,Illinois,2014,1,1218,IL,5.0
291,Illinois,2016,4,1134,IL,5.0
292,Illinois,2017,5,1239,IL,5.0
293,Illinois,2019,4,1592,IL,5.0
294,Indiana,2000,8,745,IN,3.0
295,Indiana,2001,11,796,IN,3.0
296,Indiana,2002,6,859,IN,3.0
297,Indiana,2003,6,914,IN,3.0
298,Indiana,2004,16,1050,IN,3.0
299,Indiana,2005,14,1199,IN,3.0
300,Indiana,2006,17,1161,IN,3.0
301,Indiana,2007,11,1279,IN,3.0
302,Indiana,2008,14,1469,IN,3.0
303,Indiana,2013,10,1238,IN,3.0
304,Indiana,2018,15,2020,IN,3.0
305,Indiana,2009,17,1468,IN,3.0
306,Indiana,2010,15,1439,IN,3.0
307,Indiana,2015,9,1880,IN,3.0
308,Indiana,2020,13,1611,IN,3.0
309,Indiana,2011,20,1172,IN,3.0
310,Indiana,2012,24,1198,IN,3.0
311,Indiana,2014,8,1478,IN,3.0
312,Indiana,2016,12,2195,IN,3.0
313,Indiana,2017,10,2294,IN,3.0
314,Indiana,2019,13,1701,IN,3.0
315,Iowa,2000,16,360,IA,3.0
316,Iowa,2001,15,389,IA,3.0
317,Iowa,2002,20,462,IA,3.0
318,Iowa,2003,26,458,IA,3.0
319,Iowa,2004,29,519,IA,3.0
320,Iowa,2005,29,657,IA,3.0
321,Iowa,2006,15,671,IA,3.0
322,Iowa,2007,22,670,IA,3.0
323,Iowa,2008,35,574,IA,3.0
324,Iowa,2013,26,582,IA,3.0
325,Iowa,2018,22,725,IA,3.0
326,Iowa,2009,33,579,IA,3.0
327,Iowa,2010,31,602,IA,3.0
328,Iowa,2015,23,570,IA,3.0
329,Iowa,2020,33,442,IA,3.0
330,Iowa,2011,20,524,IA,3.0
331,Iowa,2012,24,481,IA,3.0
332,Iowa,2014,32,473,IA,3.0
333,Iowa,2016,20,588,IA,3.0
334,Iowa,2017,26,646,IA,3.0
335,Iowa,2019,23,677,IA,3.0
336,Kansas,2000,1,317,KS,4.0
337,Kansas,2001,1,310,KS,4.0
338,Kansas,2002,3,274,KS,4.0
339,Kansas,2003,4,293,KS,4.0
340,Kansas,2004,2,363,KS,4.0
341,Kansas,2005,4,371,KS,4.0
342,Kansas,2006,7,429,KS,4.0
343,Kansas,2007,12,566,KS,4.0
344,Kansas,2008,8,513,KS,4.0
345,Kansas,2013,7,564,KS,4.0
346,Kansas,2018,4,590,KS,4.0
347,Kansas,2009,12,433,KS,4.0
348,Kansas,2010,14,485,KS,4.0
349,Kansas,2015,3,563,KS,4.0
350,Kansas,2020,3,439,KS,4.0
351,Kansas,2011,5,452,KS,4.0
352,Kansas,2012,12,499,KS,4.0
353,Kansas,2014,7,545,KS,4.0
354,Kansas,2016,7,526,KS,4.0
355,Kansas,2017,3,580,KS,4.0
356,Kansas,2019,5,593,KS,4.0
357,Kentucky,2000,7,437,KY,1.0
358,Kentucky,2001,4,528,KY,1.0
359,Kentucky,2002,6,568,KY,1.0
360,Kentucky,2003,18,691,KY,1.0
361,Kentucky,2004,12,736,KY,1.0
362,Kentucky,2005,9,806,KY,1.0
363,Kentucky,2006,14,911,KY,1.0
364,Kentucky,2007,10,876,KY,1.0
365,Kentucky,2008,12,827,KY,1.0
366,Kentucky,2013,2,806,KY,1.0
367,Kentucky,2018,5,1122,KY,1.0
368,Kentucky,2009,7,755,KY,1.0
369,Kentucky,2010,7,716,KY,1.0
370,Kentucky,2015,5,813,KY,1.0
371,Kentucky,2020,3,860,KY,1.0
372,Kentucky,2011,3,739,KY,1.0
373,Kentucky,2012,6,756,KY,1.0
374,Kentucky,2014,3,900,KY,1.0
375,Kentucky,2016,3,876,KY,1.0
376,Kentucky,2017,4,907,KY,1.0
377,Kentucky,2019,6,1118,KY,1.0
378,Louisiana,2000,3,306,LA,1.0
379,Louisiana,2001,1,299,LA,1.0
380,Louisiana,2002,7,334,LA,1.0
381,Louisiana,2003,4,340,LA,1.0
382,Louisiana,2004,4,319,LA,1.0
383,Louisiana,2005,3,465,LA,1.0
384,Louisiana,2006,4,562,LA,1.0
385,Louisiana,2007,3,617,LA,1.0
386,Louisiana,2008,2,571,LA,1.0
387,Louisiana,2013,4,536,LA,1.0
388,Louisiana,2018,6,649,LA,1.0
389,Louisiana,2009,5,586,LA,1.0
390,Louisiana,2010,10,538,LA,1.0
391,Louisiana,2015,5,681,LA,1.0
392,Louisiana,2020,6,517,LA,1.0
393,Louisiana,2011,6,543,LA,1.0
394,Louisiana,2012,5,452,LA,1.0
395,Louisiana,2014,14,683,LA,1.0
396,Louisiana,2016,15,691,LA,1.0
397,Louisiana,2017,5,628,LA,1.0
398,Louisiana,2019,9,517,LA,1.0
399,Maine,2000,1,206,ME,5.0
400,Maine,2001,12,196,ME,5.0
401,Maine,2002,2,166,ME,5.0
402,Maine,2003,4,152,ME,5.0
403,Maine,2004,3,146,ME,5.0
404,Maine,2005,3,145,ME,5.0
405,Maine,2006,2,155,ME,5.0
406,Maine,2007,1,178,ME,5.0
407,Maine,2008,2,214,ME,5.0
408,Maine,2013,1,241,ME,5.0
409,Maine,2018,3,250,ME,5.0
410,Maine,2009,3,167,ME,5.0
411,Maine,2010,3,164,ME,5.0
412,Maine,2015,2,221,ME,5.0
413,Maine,2020,1,272,ME,5.0
414,Maine,2011,2,129,ME,5.0
415,Maine,2012,1,214,ME,5.0
416,Maine,2014,6,243,ME,5.0
417,Maine,2016,1,213,ME,5.0
418,Maine,2017,4,194,ME,5.0
419,Maine,2019,3,268,ME,5.0
420,Maryland,2000,10,685,MD,5.0
421,Maryland,2001,7,650,MD,5.0
422,Maryland,2002,5,652,MD,5.0
423,Maryland,2003,9,638,MD,5.0
424,Maryland,2004,7,651,MD,5.0
425,Maryland,2005,12,683,MD,5.0
426,Maryland,2006,1,684,MD,5.0
427,Maryland,2007,4,489,MD,5.0
428,Maryland,2008,4,532,MD,5.0
429,Maryland,2013,9,448,MD,5.0
430,Maryland,2018,9,476,MD,5.0
431,Maryland,2009,3,550,MD,5.0
432,Maryland,2010,7,503,MD,5.0
433,Maryland,2015,3,365,MD,5.0
434,Maryland,2020,2,358,MD,5.0
435,Maryland,2011,11,467,MD,5.0
436,Maryland,2012,9,481,MD,5.0
437,Maryland,2014,7,398,MD,5.0
438,Maryland,2016,12,419,MD,5.0
439,Maryland,2017,7,447,MD,5.0
440,Maryland,2019,3,374,MD,5.0
441,Massachusetts,2000,12,676,MA,5.0
442,Massachusetts,2001,13,693,MA,5.0
443,Massachusetts,2002,12,703,MA,5.0
444,Massachusetts,2003,11,704,MA,5.0
445,Massachusetts,2004,12,719,MA,5.0
446,Massachusetts,2005,9,683,MA,5.0
447,Massachusetts,2006,9,767,MA,5.0
448,Massachusetts,2007,18,896,MA,5.0
449,Massachusetts,2008,17,927,MA,5.0
450,Massachusetts,2013,9,835,MA,5.0
451,Massachusetts,2018,4,969,MA,5.0
452,Massachusetts,2009,7,838,MA,5.0
453,Massachusetts,2010,8,701,MA,5.0
454,Massachusetts,2015,5,1004,MA,5.0
455,Massachusetts,2020,3,853,MA,5.0
456,Massachusetts,2011,5,721,MA,5.0
457,Massachusetts,2012,4,713,MA,5.0
458,Massachusetts,2014,4,1158,MA,5.0
459,Massachusetts,2016,3,1119,MA,5.0
460,Massachusetts,2017,4,1004,MA,5.0
461,Massachusetts,2019,2,851,MA,5.0
462,Michigan,2000,44,1487,MI,4.0
463,Michigan,2001,60,1717,MI,4.0
464,Michigan,2002,51,1388,MI,4.0
465,Michigan,2003,42,1507,MI,4.0
466,Michigan,2004,56,1450,MI,4.0
467,Michigan,2005,61,1488,MI,4.0
468,Michigan,2006,63,1571,MI,4.0
469,Michigan,2007,65,1604,MI,4.0
470,Michigan,2008,69,1614,MI,4.0
471,Michigan,2013,98,1457,MI,4.0
472,Michigan,2018,40,1305,MI,4.0
473,Michigan,2009,77,1488,MI,4.0
474,Michigan,2010,52,1525,MI,4.0
475,Michigan,2015,60,1379,MI,4.0
476,Michigan,2020,23,980,MI,4.0
477,Michigan,2011,52,1319,MI,4.0
478,Michigan,2012,71,1290,MI,4.0
479,Michigan,2014,73,1415,MI,4.0
480,Michigan,2016,71,1357,MI,4.0
481,Michigan,2017,48,1365,MI,4.0
482,Michigan,2019,45,1207,MI,4.0
483,Minnesota,2000,13,601,MN,5.0
484,Minnesota,2001,11,581,MN,5.0
485,Minnesota,2002,22,660,MN,5.0
486,Minnesota,2003,25,604,MN,5.0
487,Minnesota,2004,19,697,MN,5.0
488,Minnesota,2005,57,829,MN,5.0
489,Minnesota,2006,37,912,MN,5.0
490,Minnesota,2007,17,823,MN,5.0
491,Minnesota,2008,27,700,MN,5.0
492,Minnesota,2013,18,719,MN,5.0
493,Minnesota,2018,32,1075,MN,5.0
494,Minnesota,2009,34,626,MN,5.0
495,Minnesota,2010,18,568,MN,5.0
496,Minnesota,2015,32,946,MN,5.0
497,Minnesota,2020,33,795,MN,5.0
498,Minnesota,2011,21,571,MN,5.0
499,Minnesota,2012,20,674,MN,5.0
500,Minnesota,2014,20,795,MN,5.0
501,Minnesota,2016,30,1000,MN,5.0
502,Minnesota,2017,29,1138,MN,5.0
503,Minnesota,2019,37,908,MN,5.0
504,Mississippi,2000,4,219,MS,1.0
505,Mississippi,2001,1,248,MS,1.0
506,Mississippi,2002,1,203,MS,1.0
507,Mississippi,2003,1,211,MS,1.0
508,Mississippi,2004,1,245,MS,1.0
509,Mississippi,2005,1,296,MS,1.0
510,Mississippi,2006,3,282,MS,1.0
511,Mississippi,2007,2,380,MS,1.0
512,Mississippi,2008,4,332,MS,1.0
513,Mississippi,2013,4,352,MS,1.0
514,Mississippi,2018,1,426,MS,1.0
515,Mississippi,2009,1,334,MS,1.0
516,Mississippi,2010,6,377,MS,1.0
517,Mississippi,2015,2,510,MS,1.0
518,Mississippi,2020,1,369,MS,1.0
519,Mississippi,2011,3,357,MS,1.0
520,Mississippi,2012,9,328,MS,1.0
521,Mississippi,2014,4,447,MS,1.0
522,Mississippi,2016,1,618,MS,1.0
523,Mississippi,2017,1,557,MS,1.0
524,Mississippi,2019,3,417,MS,1.0
525,Missouri,2000,33,915,MO,1.0
526,Missouri,2001,31,940,MO,1.0
527,Missouri,2002,50,973,MO,1.0
528,Missouri,2003,39,918,MO,1.0
529,Missouri,2004,56,985,MO,1.0
530,Missouri,2005,69,966,MO,1.0
531,Missouri,2006,53,890,MO,1.0
532,Missouri,2007,38,916,MO,1.0
533,Missouri,2008,40,846,MO,1.0
534,Missouri,2013,42,1067,MO,1.0
535,Missouri,2018,44,1369,MO,1.0
536,Missouri,2009,36,880,MO,1.0
537,Missouri,2010,41,941,MO,1.0
538,Missouri,2015,37,1242,MO,1.0
539,Missouri,2020,44,1317,MO,1.0
540,Missouri,2011,54,937,MO,1.0
541,Missouri,2012,32,1024,MO,1.0
542,Missouri,2014,20,1201,MO,1.0
543,Missouri,2016,29,1311,MO,1.0
544,Missouri,2017,50,1300,MO,1.0
545,Missouri,2019,68,1340,MO,1.0
546,Montana,2000,3,216,MT,4.0
547,Montana,2001,8,193,MT,4.0
548,Montana,2002,1,185,MT,4.0
549,Montana,2003,5,162,MT,4.0
550,Montana,2004,5,186,MT,4.0
551,Montana,2005,6,254,MT,4.0
552,Montana,2006,1,197,MT,4.0
553,Montana,2007,1,177,MT,4.0
554,Montana,2008,5,197,MT,4.0
555,Montana,2013,2,270,MT,4.0
556,Montana,2018,4,429,MT,4.0
557,Montana,2009,3,162,MT,4.0
558,Montana,2010,5,143,MT,4.0
559,Montana,2015,1,351,MT,4.0
560,Montana,2020,5,354,MT,4.0
561,Montana,2011,1,190,MT,4.0
562,Montana,2012,4,235,MT,4.0
563,Montana,2014,3,254,MT,4.0
564,Montana,2016,1,379,MT,4.0
565,Montana,2017,4,434,MT,4.0
566,Montana,2019,6,388,MT,4.0
567,Nebraska,2000,1,237,NE,4.0
568,Nebraska,2001,7,253,NE,4.0
569,Nebraska,2002,4,282,NE,4.0
570,Nebraska,2003,3,257,NE,4.0
571,Nebraska,2004,1,371,NE,4.0
572,Nebraska,2005,3,410,NE,4.0
573,Nebraska,2006,5,396,NE,4.0
574,Nebraska,2007,5,399,NE,4.0
575,Nebraska,2008,9,377,NE,4.0
576,Nebraska,2013,15,335,NE,4.0
577,Nebraska,2018,14,287,NE,4.0
578,Nebraska,2009,14,352,NE,4.0
579,Nebraska,2010,11,369,NE,4.0
580,Nebraska,2015,10,394,NE,4.0
581,Nebraska,2020,6,305,NE,4.0
582,Nebraska,2011,9,329,NE,4.0
583,Nebraska,2012,14,296,NE,4.0
584,Nebraska,2014,7,353,NE,4.0
585,Nebraska,2016,12,364,NE,4.0
586,Nebraska,2017,11,389,NE,4.0
587,Nebraska,2019,14,314,NE,4.0
588,Nevada,2000,7,130,NV,5.0
589,Nevada,2001,2,513,NV,5.0
590,Nevada,2002,2,551,NV,5.0
591,Nevada,2003,5,741,NV,5.0
592,Nevada,2004,2,650,NV,5.0
593,Nevada,2005,12,728,NV,5.0
594,Nevada,2006,7,797,NV,5.0
595,Nevada,2007,11,764,NV,5.0
596,Nevada,2008,8,656,NV,5.0
597,Nevada,2013,20,654,NV,5.0
598,Nevada,2018,13,662,NV,5.0
599,Nevada,2009,4,529,NV,5.0
600,Nevada,2010,10,533,NV,5.0
601,Nevada,2015,31,608,NV,5.0
602,Nevada,2020,5,609,NV,5.0
603,Nevada,2011,14,488,NV,5.0
604,Nevada,2012,22,578,NV,5.0
605,Nevada,2014,8,643,NV,5.0
606,Nevada,2016,24,658,NV,5.0
607,Nevada,2017,21,711,NV,5.0
608,Nevada,2019,13,666,NV,5.0
609,New Hampshire,2000,1,49,NH,5.0
610,New Hampshire,2001,1,56,NH,5.0
611,New Hampshire,2002,2,60,NH,5.0
612,New Hampshire,2003,1,49,NH,5.0
613,New Hampshire,2004,1,64,NH,5.0
614,New Hampshire,2005,3,70,NH,5.0
615,New Hampshire,2006,1,73,NH,5.0
616,New Hampshire,2007,2,68,NH,5.0
617,New Hampshire,2008,1,92,NH,5.0
618,New Hampshire,2013,1,63,NH,5.0
619,New Hampshire,2018,1,123,NH,5.0
620,New Hampshire,2009,4,54,NH,5.0
621,New Hampshire,2010,1,53,NH,5.0
622,New Hampshire,2015,1,74,NH,5.0
623,New Hampshire,2020,1,103,NH,5.0
624,New Hampshire,2011,1,66,NH,5.0
625,New Hampshire,2012,1,79,NH,5.0
626,New Hampshire,2014,1,57,NH,5.0
627,New Hampshire,2016,3,100,NH,5.0
628,New Hampshire,2017,1,134,NH,5.0
629,New Hampshire,2019,2,113,NH,5.0
630,New Jersey,2000,7,970,NJ,5.0
631,New Jersey,2001,11,1183,NJ,5.0
632,New Jersey,2002,20,1259,NJ,5.0
633,New Jersey,2003,12,1403,NJ,5.0
634,New Jersey,2004,15,1365,NJ,5.0
635,New Jersey,2005,12,1258,NJ,5.0
636,New Jersey,2006,17,1265,NJ,5.0
637,New Jersey,2007,18,1245,NJ,5.0
638,New Jersey,2008,8,1135,NJ,5.0
639,New Jersey,2013,11,1074,NJ,5.0
640,New Jersey,2018,13,820,NJ,5.0
641,New Jersey,2009,21,1124,NJ,5.0
642,New Jersey,2010,24,1012,NJ,5.0
643,New Jersey,2015,21,975,NJ,5.0
644,New Jersey,2020,6,527,NJ,5.0
645,New Jersey,2011,20,1002,NJ,5.0
646,New Jersey,2012,17,1118,NJ,5.0
647,New Jersey,2014,12,1048,NJ,5.0
648,New Jersey,2016,23,891,NJ,5.0
649,New Jersey,2017,13,816,NJ,5.0
650,New Jersey,2019,22,657,NJ,5.0
651,New Mexico,2000,6,204,NM,5.0
652,New Mexico,2001,2,218,NM,5.0
653,New Mexico,2002,3,235,NM,5.0
654,New Mexico,2003,14,261,NM,5.0
655,New Mexico,2004,9,264,NM,5.0
656,New Mexico,2005,7,310,NM,5.0
657,New Mexico,2006,5,305,NM,5.0
658,New Mexico,2007,5,323,NM,5.0
659,New Mexico,2008,6,293,NM,5.0
660,New Mexico,2013,2,273,NM,5.0
661,New Mexico,2018,2,253,NM,5.0
662,New Mexico,2009,10,277,NM,5.0
663,New Mexico,2010,8,229,NM,5.0
664,New Mexico,2015,3,279,NM,5.0
665,New Mexico,2020,1,202,NM,5.0
666,New Mexico,2011,3,243,NM,5.0
667,New Mexico,2012,4,242,NM,5.0
668,New Mexico,2014,2,279,NM,5.0
669,New Mexico,2016,1,297,NM,5.0
670,New Mexico,2017,3,282,NM,5.0
671,New Mexico,2019,2,234,NM,5.0
672,New York,2000,19,2448,NY,5.0
673,New York,2001,18,2117,NY,5.0
674,New York,2002,17,2069,NY,5.0
675,New York,2003,15,1772,NY,5.0
676,New York,2004,16,1700,NY,5.0
677,New York,2005,16,1499,NY,5.0
678,New York,2006,17,1895,NY,5.0
679,New York,2007,12,1865,NY,5.0
680,New York,2008,14,2018,NY,5.0
681,New York,2013,6,1597,NY,5.0
682,New York,2018,9,1561,NY,5.0
683,New York,2009,12,1982,NY,5.0
684,New York,2010,11,2000,NY,5.0
685,New York,2015,22,1564,NY,5.0
686,New York,2020,4,1339,NY,5.0
687,New York,2011,20,1776,NY,5.0
688,New York,2012,13,1714,NY,5.0
689,New York,2014,15,1649,NY,5.0
690,New York,2016,11,1373,NY,5.0
691,New York,2017,10,1537,NY,5.0
692,New York,2019,9,1510,NY,5.0
693,North Carolina,2000,58,873,NC,4.0
694,North Carolina,2001,56,811,NC,4.0
695,North Carolina,2002,42,908,NC,4.0
696,North Carolina,2003,66,879,NC,4.0
697,North Carolina,2004,53,977,NC,4.0
698,North Carolina,2005,52,1077,NC,4.0
699,North Carolina,2006,55,1129,NC,4.0
700,North Carolina,2007,48,1112,NC,4.0
701,North Carolina,2008,46,958,NC,4.0
702,North Carolina,2013,24,895,NC,4.0
703,North Carolina,2018,31,1067,NC,4.0
704,North Carolina,2009,67,913,NC,4.0
705,North Carolina,2010,54,869,NC,4.0
706,North Carolina,2015,15,1031,NC,4.0
707,North Carolina,2020,31,996,NC,4.0
708,North Carolina,2011,34,775,NC,4.0
709,North Carolina,2012,39,867,NC,4.0
710,North Carolina,2014,26,981,NC,4.0
711,North Carolina,2016,31,1066,NC,4.0
712,North Carolina,2017,24,1102,NC,4.0
713,North Carolina,2019,25,1087,NC,4.0
714,North Dakota,2000,49,121,ND,2.0
715,North Dakota,2001,40,90,ND,2.0
716,North Dakota,2002,52,105,ND,2.0
717,North Dakota,2003,33,95,ND,2.0
718,North Dakota,2004,32,125,ND,2.0
719,North Dakota,2005,46,155,ND,2.0
720,North Dakota,2006,35,123,ND,2.0
721,North Dakota,2007,26,138,ND,2.0
722,North Dakota,2008,43,132,ND,2.0
723,North Dakota,2013,3,113,ND,2.0
724,North Dakota,2018,1,186,ND,2.0
725,North Dakota,2009,38,118,ND,2.0
726,North Dakota,2010,33,92,ND,2.0
727,North Dakota,2015,2,148,ND,2.0
728,North Dakota,2020,1,173,ND,2.0
729,North Dakota,2011,18,88,ND,2.0
730,North Dakota,2012,41,93,ND,2.0
731,North Dakota,2014,2,128,ND,2.0
732,North Dakota,2016,2,136,ND,2.0
733,North Dakota,2017,2,186,ND,2.0
734,North Dakota,2019,1,139,ND,2.0
735,Ohio,2000,125,1978,OH,1.0
736,Ohio,2001,108,2220,OH,1.0
737,Ohio,2002,90,2096,OH,1.0
738,Ohio,2003,113,2004,OH,1.0
739,Ohio,2004,128,1994,OH,1.0
740,Ohio,2005,87,1935,OH,1.0
741,Ohio,2006,66,2012,OH,1.0
742,Ohio,2007,79,2120,OH,1.0
743,Ohio,2008,63,1896,OH,1.0
744,Ohio,2013,60,1746,OH,1.0
745,Ohio,2018,45,2169,OH,1.0
746,Ohio,2009,64,1591,OH,1.0
747,Ohio,2010,46,1675,OH,1.0
748,Ohio,2015,35,1742,OH,1.0
749,Ohio,2020,35,1970,OH,1.0
750,Ohio,2011,48,1671,OH,1.0
751,Ohio,2012,53,1678,OH,1.0
752,Ohio,2014,49,1751,OH,1.0
753,Ohio,2016,36,1825,OH,1.0
754,Ohio,2017,40,1980,OH,1.0
755,Ohio,2019,36,2162,OH,1.0
756,Oklahoma,2000,17,751,OK,1.0
757,Oklahoma,2001,14,923,OK,1.0
758,Oklahoma,2002,14,1009,OK,1.0
759,Oklahoma,2003,14,995,OK,1.0
760,Oklahoma,2004,15,1050,OK,1.0
761,Oklahoma,2005,7,1272,OK,1.0
762,Oklahoma,2006,19,1284,OK,1.0
763,Oklahoma,2007,16,1432,OK,1.0
764,Oklahoma,2008,12,1200,OK,1.0
765,Oklahoma,2013,34,1274,OK,1.0
766,Oklahoma,2018,100,1303,OK,1.0
767,Oklahoma,2009,19,947,OK,1.0
768,Oklahoma,2010,29,974,OK,1.0
769,Oklahoma,2015,73,1323,OK,1.0
770,Oklahoma,2020,54,1080,OK,1.0
771,Oklahoma,2011,22,951,OK,1.0
772,Oklahoma,2012,35,1084,OK,1.0
773,Oklahoma,2014,33,1368,OK,1.0
774,Oklahoma,2016,78,1278,OK,1.0
775,Oklahoma,2017,82,1392,OK,1.0
776,Oklahoma,2019,84,1246,OK,1.0
777,Oregon,2000,1,700,OR,5.0
778,Oregon,2001,4,702,OR,5.0
779,Oregon,2002,1,827,OR,5.0
780,Oregon,2003,1,804,OR,5.0
781,Oregon,2004,1,938,OR,5.0
782,Oregon,2005,2,1106,OR,5.0
783,Oregon,2006,4,1027,OR,5.0
784,Oregon,2007,4,900,OR,5.0
785,Oregon,2008,1,830,OR,5.0
786,Oregon,2013,3,686,OR,5.0
787,Oregon,2018,18,685,OR,5.0
788,Oregon,2009,3,765,OR,5.0
789,Oregon,2010,3,779,OR,5.0
790,Oregon,2015,15,678,OR,5.0
791,Oregon,2020,11,562,OR,5.0
792,Oregon,2011,1,730,OR,5.0
793,Oregon,2012,1,697,OR,5.0
794,Oregon,2014,12,648,OR,5.0
795,Oregon,2016,15,693,OR,5.0
796,Oregon,2017,22,755,OR,5.0
797,Oregon,2019,12,611,OR,5.0
798,Pennsylvania,2000,11,1296,PA,4.0
799,Pennsylvania,2001,16,1316,PA,4.0
800,Pennsylvania,2002,22,1393,PA,4.0
801,Pennsylvania,2003,21,1307,PA,4.0
802,Pennsylvania,2004,21,1670,PA,4.0
803,Pennsylvania,2005,30,1641,PA,4.0
804,Pennsylvania,2006,18,1744,PA,4.0
805,Pennsylvania,2007,14,1862,PA,4.0
806,Pennsylvania,2008,31,1788,PA,4.0
807,Pennsylvania,2013,38,1285,PA,4.0
808,Pennsylvania,2018,40,1662,PA,4.0
809,Pennsylvania,2009,38,1452,PA,4.0
810,Pennsylvania,2010,26,1321,PA,4.0
811,Pennsylvania,2015,25,1601,PA,4.0
812,Pennsylvania,2020,26,1400,PA,4.0
813,Pennsylvania,2011,25,1326,PA,4.0
814,Pennsylvania,2012,27,1387,PA,4.0
815,Pennsylvania,2014,25,1444,PA,4.0
816,Pennsylvania,2016,27,1620,PA,4.0
817,Pennsylvania,2017,25,1711,PA,4.0
818,Pennsylvania,2019,32,1619,PA,4.0
819,Rhode Island,2000,6,177,RI,5.0
820,Rhode Island,2001,8,184,RI,5.0
821,Rhode Island,2002,9,172,RI,5.0
822,Rhode Island,2003,8,162,RI,5.0
823,Rhode Island,2004,6,201,RI,5.0
824,Rhode Island,2005,9,223,RI,5.0
825,Rhode Island,2006,8,246,RI,5.0
826,Rhode Island,2007,3,248,RI,5.0
827,Rhode Island,2008,5,218,RI,5.0
828,Rhode Island,2013,6,233,RI,5.0
829,Rhode Island,2018,6,310,RI,5.0
830,Rhode Island,2009,10,229,RI,5.0
831,Rhode Island,2010,6,223,RI,5.0
832,Rhode Island,2015,2,255,RI,5.0
833,Rhode Island,2020,2,191,RI,5.0
834,Rhode Island,2011,6,186,RI,5.0
835,Rhode Island,2012,8,189,RI,5.0
836,Rhode Island,2014,4,222,RI,5.0
837,Rhode Island,2016,4,217,RI,5.0
838,Rhode Island,2017,5,237,RI,5.0
839,Rhode Island,2019,5,225,RI,5.0
840,South Carolina,2000,9,487,SC,1.0
841,South Carolina,2001,11,472,SC,1.0
842,South Carolina,2002,6,495,SC,1.0
843,South Carolina,2003,5,460,SC,1.0
844,South Carolina,2004,10,458,SC,1.0
845,South Carolina,2005,9,497,SC,1.0
846,South Carolina,2006,11,570,SC,1.0
847,South Carolina,2007,6,642,SC,1.0
848,South Carolina,2008,13,572,SC,1.0
849,South Carolina,2013,14,413,SC,1.0
850,South Carolina,2018,3,550,SC,1.0
851,South Carolina,2009,3,601,SC,1.0
852,South Carolina,2010,10,513,SC,1.0
853,South Carolina,2015,9,545,SC,1.0
854,South Carolina,2020,9,396,SC,1.0
855,South Carolina,2011,15,439,SC,1.0
856,South Carolina,2012,26,401,SC,1.0
857,South Carolina,2014,11,465,SC,1.0
858,South Carolina,2016,11,552,SC,1.0
859,South Carolina,2017,4,502,SC,1.0
860,South Carolina,2019,6,515,SC,1.0
861,South Dakota,2000,4,185,SD,1.0
862,South Dakota,2001,2,153,SD,1.0
863,South Dakota,2002,2,185,SD,1.0
864,South Dakota,2003,1,159,SD,1.0
865,South Dakota,2004,2,164,SD,1.0
866,South Dakota,2005,1,197,SD,1.0
867,South Dakota,2006,1,191,SD,1.0
868,South Dakota,2007,1,227,SD,1.0
869,South Dakota,2008,2,207,SD,1.0
870,South Dakota,2013,1,150,SD,1.0
871,South Dakota,2018,1,175,SD,1.0
872,South Dakota,2009,4,230,SD,1.0
873,South Dakota,2010,2,185,SD,1.0
874,South Dakota,2015,1,148,SD,1.0
875,South Dakota,2020,1,175,SD,1.0
876,South Dakota,2011,1,192,SD,1.0
877,South Dakota,2012,2,173,SD,1.0
878,South Dakota,2014,1,126,SD,1.0
879,South Dakota,2016,2,176,SD,1.0
880,South Dakota,2017,1,181,SD,1.0
881,South Dakota,2019,1,182,SD,1.0
882,Tennessee,2000,2,424,TN,1.0
883,Tennessee,2001,8,486,TN,1.0
884,Tennessee,2002,17,567,TN,1.0
885,Tennessee,2003,12,585,TN,1.0
886,Tennessee,2004,15,743,TN,1.0
887,Tennessee,2005,19,782,TN,1.0
888,Tennessee,2006,26,738,TN,1.0
889,Tennessee,2007,27,719,TN,1.0
890,Tennessee,2008,37,658,TN,1.0
891,Tennessee,2013,57,899,TN,1.0
892,Tennessee,2018,50,848,TN,1.0
893,Tennessee,2009,28,679,TN,1.0
894,Tennessee,2010,20,746,TN,1.0
895,Tennessee,2015,35,723,TN,1.0
896,Tennessee,2020,35,795,TN,1.0
897,Tennessee,2011,33,823,TN,1.0
898,Tennessee,2012,33,779,TN,1.0
899,Tennessee,2014,51,684,TN,1.0
900,Tennessee,2016,43,699,TN,1.0
901,Tennessee,2017,49,767,TN,1.0
902,Tennessee,2019,40,877,TN,1.0
903,Texas,2000,70,2035,TX,1.0
904,Texas,2001,93,2206,TX,1.0
905,Texas,2002,76,2451,TX,1.0
906,Texas,2003,72,2510,TX,1.0
907,Texas,2004,94,2852,TX,1.0
908,Texas,2005,117,3661,TX,1.0
909,Texas,2006,111,3577,TX,1.0
910,Texas,2007,111,3454,TX,1.0
911,Texas,2008,93,3100,TX,1.0
912,Texas,2013,79,3352,TX,1.0
913,Texas,2018,74,4334,TX,1.0
914,Texas,2009,96,2797,TX,1.0
915,Texas,2010,79,3373,TX,1.0
916,Texas,2015,102,3491,TX,1.0
917,Texas,2020,68,3698,TX,1.0
918,Texas,2011,80,3446,TX,1.0
919,Texas,2012,83,3318,TX,1.0
920,Texas,2014,81,3447,TX,1.0
921,Texas,2016,102,4033,TX,1.0
922,Texas,2017,63,4191,TX,1.0
923,Texas,2019,77,3937,TX,1.0
924,Utah,2000,32,276,UT,1.0
925,Utah,2001,32,232,UT,1.0
926,Utah,2002,35,278,UT,1.0
927,Utah,2003,39,202,UT,1.0
928,Utah,2004,27,270,UT,1.0
929,Utah,2005,34,272,UT,1.0
930,Utah,2006,49,273,UT,1.0
931,Utah,2007,47,314,UT,1.0
932,Utah,2008,53,275,UT,1.0
933,Utah,2013,60,306,UT,1.0
934,Utah,2018,81,374,UT,1.0
935,Utah,2009,39,270,UT,1.0
936,Utah,2010,55,315,UT,1.0
937,Utah,2015,59,348,UT,1.0
938,Utah,2020,58,295,UT,1.0
939,Utah,2011,66,244,UT,1.0
940,Utah,2012,51,285,UT,1.0
941,Utah,2014,61,335,UT,1.0
942,Utah,2016,72,389,UT,1.0
943,Utah,2017,62,419,UT,1.0
944,Utah,2019,54,354,UT,1.0
945,Vermont,2000,1,57,VT,5.0
946,Vermont,2001,3,64,VT,5.0
947,Vermont,2002,9,67,VT,5.0
948,Vermont,2003,2,47,VT,5.0
949,Vermont,2004,3,67,VT,5.0
950,Vermont,2005,4,86,VT,5.0
951,Vermont,2006,1,78,VT,5.0
952,Vermont,2007,9,78,VT,5.0
953,Vermont,2008,8,68,VT,5.0
954,Vermont,2013,4,95,VT,5.0
955,Vermont,2018,1,132,VT,5.0
956,Vermont,2009,2,74,VT,5.0
957,Vermont,2010,6,76,VT,5.0
958,Vermont,2015,5,170,VT,5.0
959,Vermont,2020,2,102,VT,5.0
960,Vermont,2011,8,77,VT,5.0
961,Vermont,2012,3,88,VT,5.0
962,Vermont,2014,4,139,VT,5.0
963,Vermont,2016,4,134,VT,5.0
964,Vermont,2017,1,124,VT,5.0
965,Vermont,2019,5,126,VT,5.0
966,Virginia,2000,1,308,VA,4.0
967,Virginia,2001,2,310,VA,4.0
968,Virginia,2002,1,369,VA,4.0
969,Virginia,2003,4,376,VA,4.0
970,Virginia,2004,1,412,VA,4.0
971,Virginia,2005,5,418,VA,4.0
972,Virginia,2006,3,499,VA,4.0
973,Virginia,2007,9,453,VA,4.0
974,Virginia,2008,10,454,VA,4.0
975,Virginia,2013,6,362,VA,4.0
976,Virginia,2018,14,454,VA,4.0
977,Virginia,2009,7,384,VA,4.0
978,Virginia,2010,11,390,VA,4.0
979,Virginia,2015,11,437,VA,4.0
980,Virginia,2020,11,423,VA,4.0
981,Virginia,2011,6,331,VA,4.0
982,Virginia,2012,5,355,VA,4.0
983,Virginia,2014,9,432,VA,4.0
984,Virginia,2016,8,488,VA,4.0
985,Virginia,2017,6,455,VA,4.0
986,Virginia,2019,13,445,VA,4.0
987,Washington,2000,16,1094,WA,5.0
988,Washington,2001,21,1112,WA,5.0
989,Washington,2002,22,1141,WA,5.0
990,Washington,2003,28,1122,WA,5.0
991,Washington,2004,29,1125,WA,5.0
992,Washington,2005,32,1446,WA,5.0
993,Washington,2006,16,1425,WA,5.0
994,Washington,2007,22,1465,WA,5.0
995,Washington,2008,16,1309,WA,5.0
996,Washington,2013,18,1367,WA,5.0
997,Washington,2018,20,1426,WA,5.0
998,Washington,2009,12,1224,WA,5.0
999,Washington,2010,19,1317,WA,5.0
1000,Washington,2015,20,1328,WA,5.0
1001,Washington,2020,10,1172,WA,5.0
1002,Washington,2011,17,1223,WA,5.0
1003,Washington,2012,20,1159,WA,5.0
1004,Washington,2014,17,1377,WA,5.0
1005,Washington,2016,16,1378,WA,5.0
1006,Washington,2017,10,1451,WA,5.0
1007,Washington,2019,12,1262,WA,5.0
1008,West Virginia,2000,3,200,WV,1.0
1009,West Virginia,2001,4,195,WV,1.0
1010,West Virginia,2002,2,192,WV,1.0
1011,West Virginia,2003,3,214,WV,1.0
1012,West Virginia,2004,3,223,WV,1.0
1013,West Virginia,2005,4,298,WV,1.0
1014,West Virginia,2006,4,402,WV,1.0
1015,West Virginia,2007,7,358,WV,1.0
1016,West Virginia,2008,7,436,WV,1.0
1017,West Virginia,2013,13,430,WV,1.0
1018,West Virginia,2018,38,807,WV,1.0
1019,West Virginia,2009,2,349,WV,1.0
1020,West Virginia,2010,4,362,WV,1.0
1021,West Virginia,2015,26,518,WV,1.0
1022,West Virginia,2020,38,852,WV,1.0
1023,West Virginia,2011,8,420,WV,1.0
1024,West Virginia,2012,12,410,WV,1.0
1025,West Virginia,2014,30,559,WV,1.0
1026,West Virginia,2016,21,718,WV,1.0
1027,West Virginia,2017,20,775,WV,1.0
1028,West Virginia,2019,34,795,WV,1.0
1029,Wisconsin,2000,23,532,WI,1.0
1030,Wisconsin,2001,53,516,WI,1.0
1031,Wisconsin,2002,68,483,WI,1.0
1032,Wisconsin,2003,65,536,WI,1.0
1033,Wisconsin,2004,34,589,WI,1.0
1034,Wisconsin,2005,50,645,WI,1.0
1035,Wisconsin,2006,44,680,WI,1.0
1036,Wisconsin,2007,50,703,WI,1.0
1037,Wisconsin,2008,50,698,WI,1.0
1038,Wisconsin,2013,74,716,WI,1.0
1039,Wisconsin,2018,22,840,WI,1.0
1040,Wisconsin,2009,52,679,WI,1.0
1041,Wisconsin,2010,51,615,WI,1.0
1042,Wisconsin,2015,26,779,WI,1.0
1043,Wisconsin,2020,20,723,WI,1.0
1044,Wisconsin,2011,56,629,WI,1.0
1045,Wisconsin,2012,46,629,WI,1.0
1046,Wisconsin,2014,47,795,WI,1.0
1047,Wisconsin,2016,16,767,WI,1.0
1048,Wisconsin,2017,23,842,WI,1.0
1049,Wisconsin,2019,17,742,WI,1.0
1050,Wyoming,2000,1,42,WY,2.0
1051,Wyoming,2001,1,35,WY,2.0
1052,Wyoming,2002,1,52,WY,2.0
1053,Wyoming,2003,1,56,WY,2.0
1054,Wyoming,2004,2,81,WY,2.0
1055,Wyoming,2005,4,116,WY,2.0
1056,Wyoming,2006,1,80,WY,2.0
1057,Wyoming,2007,1,72,WY,2.0
1058,Wyoming,2008,2,79,WY,2.0
1059,Wyoming,2013,1,72,WY,2.0
1060,Wyoming,2018,1,120,WY,2.0
1061,Wyoming,2009,1,88,WY,2.0
1062,Wyoming,2010,1,71,WY,2.0
1063,Wyoming,2015,2,104,WY,2.0
1064,Wyoming,2020,1,100,WY,2.0
1065,Wyoming,2011,2,78,WY,2.0
1066,Wyoming,2012,1,82,WY,2.0
1067,Wyoming,2014,1,86,WY,2.0
1068,Wyoming,2016,3,85,WY,2.0
1069,Wyoming,2017,3,118,WY,2.0
1070,Wyoming,2019,1,115,WY,2.0
